0,1,2,3,4,5,6,7
0.1701277465233802,0.2089447790050286,0.20815356899388635,0.2205408201104302,0.18298419383736692,0.23091849205992823,0.28557876857340386,0.32103878618475157
0.1712593280509343,0.20303163692621898,0.20110612011005752,0.22094110026492406,0.183423349249771,0.23216622711964754,0.28546948150845836,0.3258874347786876
0.17299756132469069,0.2003995361182203,0.2033376424970345,0.21309636475521104,0.18363507023247547,0.2302687903921305,0.28519342726557173,0.3400938961072452
0.17662826535156856,0.20345286660563697,0.20230543350016494,0.21984598330540758,0.1838616538574729,0.23217734692300293,0.2761418545822264,0.3426004035455921
0.17896508215923265,0.2054872760333368,0.19340617316179967,0.21204543487106892,0.1825908536400475,0.23350117875034895,0.27574103327456,0.3520063104652438
0.17833106567599025,0.20930234809257184,0.18517547572546886,0.20678231715397213,0.18159643421726684,0.22904958542875267,0.28703481918425783,0.3466501863213517
0.1743018229499824,0.20997191343331612,0.18673023062160302,0.2079023708130873,0.18186281605284838,0.22873857866185499,0.2847554544679701,0.3426381990861288
0.16767727097176058,0.20686931740936906,0.1950013705962616,0.21609242607366463,0.18342681275875258,0.2287640393384623,0.2880538868199251,0.34831740472842965
0.16859494280836151,0.20487921465771816,0.20072841279146134,0.21830414205089677,0.18085213393517274,0.230242940274487,0.2880768864845154,0.31483088545260945
0.1756440709372629,0.20455081081114168,0.2025784287820066,0.21940882754431207,0.1806809414874983,0.22981679048908385,0.28840837266187086,0.3469750581325684
0.1838854572777403,0.205598324756179,0.20664348010442127,0.21958447700432213,0.18172738297873683,0.23155598897207755,0.2758260118013114,0.32614674896273693
0.1879817075205883,0.20386310549829598,0.20365411866869834,0.217604266334432,0.18470877794698423,0.2334179420142239,0.2682423227088838,0.3137129046071117
0.1725722636924576,0.20221418218164217,0.20571947200998755,0.2161951295914295,0.18596183975066866,0.2311823399449808,0.2778125449750447,0.314189578284266
0.18642361910593955,0.20294112176280232,0.20279592264725815,0.21658259973869368,0.18653762973220056,0.23121290518883197,0.2791354615195161,0.33624405944360775
0.17865550778847944,0.20133390337943202,0.2011237463568467,0.2204001034497874,0.18527633673503568,0.23191771694833802,0.27374389339615335,0.33947065623765105
0.17638941694511498,0.20091348734146075,0.20171286657682078,0.21851698845184556,0.18298277446339706,0.22667212420851043,0.27061139499516146,0.3741891292606374
0.17850370520157546,0.20075696392180886,0.20293357664949252,0.2172709944611014,0.18184189907587403,0.23552635720030046,0.2893549267937081,0.3807495993468412
0.17813948528517098,0.20243056841371154,0.20420153816715292,0.2149514772108148,0.18088729192863415,0.23194065709905162,0.2907202445213073,0.35829259440121897
0.17645534966443066,0.20763848476916758,0.20352485840883808,0.2104256447811086,0.1820204026163675,0.22709985295409327,0.2720044258974178,0.3707781172141684
0.17681554087461143,0.20751108369311802,0.20384985360096464,0.21304321097760975,0.18221868235035418,0.22907502932788623,0.29529688556450734,0.37852465250871714
0.18065530735522156,0.20772214176242396,0.2010589695876238,0.21482831076879905,0.1838619077371431,0.23058383138777327,0.2963494230960385,0.38506969002815117
0.18268491400186493,0.21287856139276343,0.19354921318735357,0.21372369013418183,0.1822979102841793,0.2322399034127013,0.28872393539351415,0.36874817867768894
0.17937532427334846,0.21558995342347353,0.19405287197065305,0.21726046853524478,0.18294662583118765,0.23316242753941846,0.29238990909507534,0.36969207647576535
0.17590470776439404,0.1965854895250221,0.19744438053822302,0.2163759150721817,0.18472108524788758,0.23137099082184734,0.3005958391957839,0.31243321479109654
0.17560470461489816,0.21384747130958326,0.19559195076987157,0.2136579908069631,0.18465329271579037,0.22994851230105265,0.2948843610808973,0.3879442166017217
0.17586456980690887,0.21040140365074342,0.19446064494581825,0.2151932995014981,0.18367494381167626,0.2324309771209727,0.3045790063759348,0.3685088011598285
0.17758731673112177,0.19016639597064194,0.20395212824130418,0.20603880663933813,0.18090073119960506,0.2337090508739754,0.2855437665178449,0.373386488433988
0.17846022969480108,0.19218831729556105,0.20781513429552517,0.19230548712297701,0.18166545676615212,0.23432803553662213,0.27976685723590505,0.39967481772396296
0.17973163856834096,0.19845379570396374,0.20932663728684217,0.18991591647360992,0.18373964640099655,0.23389467623841936,0.2812507540044784,0.3698800158720386
0.18100752984446322,0.2009400124978182,0.2132894329848564,0.20282255770658228,0.18546847915457326,0.234190095918619,0.2880276272229896,0.3719817901766343
0.18417970805871745,0.19899757040945681,0.20424692175666337,0.20717040105275325,0.18355141391975072,0.2341070537020891,0.284995977930361,0.3900371896303579
0.1831209282420529,0.19759085480124647,0.2042773653320436,0.21062176328515392,0.1831339311039443,0.23138420079004982,0.28261490771003295,0.37482543194473195
0.1751452577658839,0.21100212561264264,0.20007753393657593,0.2090316461131912,0.18282844661795308,0.22680563444859497,0.29330622739674345,0.3663468793882476
0.16912692134869628,0.2098134320736991,0.19403685490664888,0.20817620073891763,0.18289448887279838,0.22491267033707618,0.28547546564767745,0.3875966430562553
0.16911920867199567,0.2078256593135418,0.19905402316900708,0.2042083073405032,0.18447177465480255,0.2264776130951509,0.2870097775148135,0.3080155312904224
0.18340547054425196,0.20753995764075178,0.20312299932016714,0.19836432550701105,0.18297422544154104,0.2327773168122759,0.2874542955078415,0.338358479750568
0.18573002784053652,0.20891385307868127,0.2036960500759243,0.18885303764844172,0.18333488412644247,0.2321274405841352,0.2916963908378826,0.32071508028249784
0.18587875157276892,0.2082064747315768,0.2079792655819414,0.18653264189601332,0.18298827471329843,0.23272538971736434,0.30178959238724784,0.330292402290301
0.1839669180351414,0.20878515061436856,0.20912590207464138,0.192406938455753,0.1837670306488567,0.2339629615985902,0.2947443321005765,0.3419575164879673
0.17918162994565554,0.2067892965920761,0.1994058096445196,0.19853909632179087,0.18227756263127445,0.23469023807195996,0.2899060334952223,0.3417601635347069
0.17596644597815034,0.21125953539100512,0.1941654121480456,0.2032420553906163,0.18142360504066637,0.23260024865126436,0.29105394625743886,0.3800609557229984
0.17589414439078616,0.21265119785677175,0.1943688989574323,0.19992957225113295,0.1809309612503508,0.23043814912350702,0.28484248719293426,0.370210728917394
0.18115505187495443,0.20826513181082223,0.19596887263568724,0.19206843448767927,0.18238811964726562,0.2327052939561217,0.2846770385494746,0.36690302686442766
0.18225765934148508,0.21039393483907956,0.20802197294638736,0.19007942087628663,0.18172137914120104,0.23399053771950432,0.29012370617769967,0.37086087783936017
0.18026436718635888,0.21238250251344978,0.211381395592729,0.18777369313959913,0.1800537232646809,0.23204879900668132,0.28853471741961834,0.35023765881238667
0.1822991373146693,0.20916652750127765,0.20909962458814574,0.18150083215928914,0.1817742759594588,0.23148798082868816,0.2747090846580248,0.3840311976105675
0.1888268383533702,0.21415844467284612,0.20933800724157622,0.1776113600869815,0.18434296825454505,0.23252853935715206,0.2744528171814425,0.3506955194036333
0.18927545404345625,0.21306004663221478,0.20921230902255583,0.1808332631415164,0.18177238668019832,0.232108753850432,0.2849157835389291,0.36386998542798354
0.18115038935873196,0.21209878678260327,0.20598960573967284,0.1868646007727786,0.18005896219855266,0.22863438261609653,0.2893374956184392,0.35074040009908264
0.17912254301446012,0.21204768410777156,0.20058101317529145,0.19256272571358315,0.183964578710619,0.2255983986984465,0.2894947497781415,0.36023343212758735
0.18725026387623736,0.21176740802364244,0.19464388568155078,0.18986157511474985,0.18480519035405993,0.22971206844806896,0.2951290899813678,0.3534575672191327
0.19357737494195698,0.21028180986752157,0.1917732074698177,0.18672032461509208,0.18379433500025583,0.22957162784373047,0.30012167519599486,0.37685575965586227
0.19585001987625514,0.20922091325648542,0.19944588082806108,0.1825124404439276,0.1818784480454415,0.2298667503295032,0.30090271479030245,0.34873371163222805
0.1931796349754667,0.211223257575572,0.19827105976438317,0.17845144994509454,0.18137686133796455,0.23301303000205278,0.2945549051268617,0.35172413240358746
0.1880001369982122,0.2111079549308716,0.20318134734682866,0.20735326164502318,0.18209406897915006,0.23528255499321343,0.29281144967496936,0.3880483577707372
0.18552261850373641,0.21182771156096916,0.20717692355285247,0.2065641342214242,0.18307696108899552,0.23418184833798839,0.29184202308130086,0.3468141125855247
0.1886716594964005,0.21081274860471147,0.2078004031385287,0.21448536098052665,0.18322649854113998,0.23416715503592625,0.2920928059418044,0.3447494717546485
0.18977957191126052,0.2122810583000191,0.2089777652764609,0.18072730098480755,0.18334753365684622,0.23205458971639226,0.28088799304487766,0.3772900859522904
0.18781367157639475,0.21252192366371023,0.20789808284624037,0.1797895052701299,0.18226408166286753,0.23419242396880377,0.26459506237553665,0.35672732980616895
0.18771224772550701,0.2121750757245423,0.20675451740980197,0.18304947249775702,0.1845018048363845,0.23279766913069494,0.292171683477315,0.3466693462955782
0.19094427983841292,0.2092035536392127,0.2063265839251023,0.18472682925835193,0.18373966095511435,0.2322758719482302,0.2820560180939908,0.3580280084248946
0.19511975253772476,0.21149096826681688,0.20908070096420756,0.18835223307370055,0.18190797111909984,0.23013006234406075,0.2880008412035051,0.36233744514733063
0.19187945049233615,0.21090692847004283,0.19909816786963025,0.18842934718429977,0.18239080963149454,0.2315508813956589,0.29487423619739866,0.36461003565740707
0.18465903674324696,0.21226215736539736,0.19861683895748133,0.19093286456725295,0.18028138102133753,0.22919852965513968,0.28959994846674136,0.3325825917983163
0.18875567827331113,0.2116504888339744,0.1906974393603032,0.17760130732681895,0.18109958171471924,0.23096156984225094,0.28566022478253844,0.3474096591729754
0.19973852604606745,0.2103055781427649,0.1929129944350411,0.17835444506203876,0.18199823040182003,0.23391884329397958,0.26418493939861826,0.3567091094496631
0.19832178597570121,0.21094160992601874,0.19802002940428826,0.17844272169365133,0.18253933952889184,0.2358185243465102,0.26707519450917483,0.3409860978611714
0.20058192775604505,0.21166046819597645,0.20180410040321045,0.17940460667611646,0.1868157709684718,0.23544819086990396,0.2790817411132249,0.35285909162621837
0.1937169719727651,0.20875678043983806,0.19791151866353257,0.1789839351524606,0.18341551046598312,0.23297102263222227,0.2888641395303753,0.34780541252043584
0.19225313877699668,0.20745649945482672,0.19429561580590532,0.17678474096711078,0.18159905233276807,0.23431747435608316,0.2706054477956424,0.3361857703105141
0.1957787340393012,0.2037981205861779,0.20041769120030717,0.17717696880121436,0.18214973853054936,0.23226807316324338,0.2943167744150186,0.3392730032467224
0.19633314059873794,0.20955914788171776,0.2017879211984577,0.17412703542636407,0.18252634415886418,0.2289843839070402,0.2953173182123128,0.3410504041346381
0.18949753768280145,0.2030293882418095,0.19702358267805417,0.1726550039150703,0.18234418724128915,0.2276155821089652,0.293756399727401,0.35103417288113054
0.18914891067519007,0.2068970678660905,0.18629968464794394,0.17366078583370623,0.18222045153017785,0.235040413947972,0.2987057210690144,0.34654465940394796
0.19492418318213403,0.21246432370166812,0.2069843071965886,0.17560749639988876,0.18179658623969375,0.23085671402189833,0.2834189751520131,0.3498492437939564
0.19458917049463878,0.20953216800738494,0.200983803145519,0.17446451884009703,0.18082845116582758,0.22705337990410646,0.28849736957907585,0.3366739716461455
0.1920816325073152,0.21297586487570128,0.20552662174405104,0.17363657970752164,0.18242819519071457,0.23043200908056374,0.2985747399904089,0.3538934613459002
0.19196896290420204,0.21208261127858266,0.20837051362640197,0.17237915428516873,0.18257077075058334,0.23153194136422825,0.2929424188859374,0.31379767256889596
0.19330164994890742,0.21119420553912657,0.20318479718263163,0.17480896979599905,0.18117647639241816,0.23436005266230153,0.294746879029071,0.3369128713151428
0.19279412622417347,0.2114418106428017,0.19944397939922304,0.17589445734537534,0.1793134194536696,0.23459557592456504,0.30423153688918714,0.3308986944283103
0.19358103760138337,0.2111890070169531,0.2036790865400788,0.17673021700483368,0.17699290514692245,0.2290831046799942,0.2975380399400834,0.31569754091170105
0.19835455018222095,0.2078570952038092,0.20573359336092042,0.17645406519136464,0.1806092881827413,0.23177230336258112,0.29129050499993825,0.32011137653880484
0.20198716840274566,0.20077549785058005,0.19550800972000457,0.17558583744101827,0.18286133095783338,0.23300268157517584,0.2822739105900038,0.3472998688092869
0.20141693719343148,0.20126426594176305,0.1952602697537047,0.16968470981221914,0.18894387345462832,0.2322928274043276,0.2736430746232769,0.34069685195423355
0.19865548868916272,0.20267384775553102,0.2034283103457523,0.16705372039575223,0.18803692752942844,0.23361888397232325,0.2818864596042637,0.35626125570451317
0.19344459158445976,0.20042521351468626,0.20946958284792097,0.1688111837605879,0.18158976953660527,0.23640406877082543,0.2866109833139067,0.33057405924560346
0.19349864888515872,0.2002002779654458,0.21332866218136926,0.1710002879694721,0.18105763798222846,0.23471975385185412,0.29345153643443417,0.3362375581888833
0.19320066081213172,0.20441030408885388,0.20723210953355164,0.17301383381021118,0.18188629402219145,0.23259967659219394,0.29874851183137396,0.32644378178316946
0.18568940743858628,0.20839004316722515,0.20749783064961136,0.17272097140175843,0.1850211437088472,0.2332588823971461,0.3023642563047531,0.34810101853292885
0.18397183059701283,0.20753776178216704,0.21113983849076084,0.1743014809378487,0.18384031565095793,0.23440281446424938,0.30125540397288864,0.3238212042396721
0.18636932813556636,0.20451410661851935,0.19859271775354356,0.1756818905329978,0.18167946441280028,0.23240275999311077,0.2969449886131169,0.34002376838483117
0.18768016566116275,0.20258141030526255,0.19620215035994246,0.1743605621740758,0.1785212928750882,0.2306314337943784,0.3006083611480541,0.3538352944625579
0.1898317474417145,0.20296056014533542,0.20334728392345996,0.17234672102290396,0.1787946705041031,0.22994199132812215,0.30316174788720396,0.35119681050237284
0.19035514436894513,0.20182353281206752,0.20441875146944846,0.17196140599976528,0.1838650980139232,0.2307634716413872,0.28642247462780385,0.362500919988057
0.19349375577301242,0.1988203468443923,0.19502447601461506,0.17222611628141815,0.1815416884292913,0.22853247649664005,0.2852739546548305,0.35515507915894495
0.19473251125002985,0.19779313512827315,0.19921742110021973,0.1733493505441221,0.18048722976530832,0.2267813294143657,0.28178258787903243,0.3466127663397468
0.19028111842328854,0.19532086828522185,0.20283785105004976,0.17501408182590636,0.18273518915283526,0.2316073115463437,0.2844293135817505,0.33905054870366697
0.18880476621488881,0.1948747144566769,0.2069347455248242,0.17595168318879992,0.182725938262306,0.233000783425987,0.28666184115817706,0.3423934656675687
0.19065152792109177,0.19505738029328004,0.19844466313118128,0.1763215320880786,0.18152417608362253,0.23114100062290374,0.29257311268602126,0.33507070589579707
0.19573256632753225,0.19620074498969398,0.19949522249046348,0.17429661123717885,0.18043926748967867,0.23291105512133387,0.29129448507911526,0.31964998109245346
0.19628786910408333,0.19697426592834147,0.20126869754389565,0.17455931975648875,0.18086554836105778,0.23447453456800083,0.29032454651316386,0.31271187061414535
0.19112757394131538,0.1966531348990201,0.2079595826664013,0.17472564282906802,0.1823866365278413,0.23384403243324758,0.29333081483275325,0.34336581005931277
0.18706887139415032,0.1960850479692214,0.20910230120051074,0.17483254892683878,0.1808651961929454,0.23343322579742048,0.27881433186170146,0.33234719894758236
0.185327538285748,0.2033277665181763,0.20526630710419005,0.17446753735672127,0.17918108675004552,0.23393963374087984,0.2796641731750588,0.3425501511971956
0.1877988358989193,0.20524399893889533,0.2072813048388447,0.17741996481751837,0.18186597081853592,0.23419694113887785,0.28834482979771536,0.3618384515998765
0.18691052572163064,0.20290961349944647,0.2046374650072636,0.18041351390725655,0.18101205551284325,0.23239236900636917,0.2938202484489421,0.37361935603730456
0.1854705355794566,0.19899733733467553,0.20124522460482067,0.18088018422814586,0.18209341828245434,0.23350330701864486,0.29189466282878274,0.3575224399829362
0.18238389506261254,0.19905559130374334,0.1977488867093528,0.18720017117200868,0.18252780964525125,0.23059702593299602,0.29688094432283285,0.35878061451936744
0.18232496189192013,0.19919190845361742,0.20147937526107496,0.18692846213727332,0.18233913902422813,0.23030751622238582,0.30184967944387153,0.3739243106333797
0.18448680988926036,0.19817879259131463,0.1948375422333205,0.19162324284919433,0.18070684401799195,0.23124987127007596,0.29970342677006007,0.36384023844227864
0.18324785438664187,0.19631883257618699,0.18526069639194911,0.19621459256067136,0.18018150158005505,0.23015285441167146,0.3000736965096241,0.3524966355068101
0.16109093030193827,0.1949788096021743,0.19263922892520513,0.1994839462045335,0.18172757900956438,0.22800788451566326,0.2966760013690385,0.37357358388006867
0.17294001577346127,0.1944619683427989,0.18951855377086277,0.19879739871536545,0.18033697694662174,0.2325560431453331,0.294463948963778,0.37050064588471276
0.1850820089475613,0.19466648938566444,0.18867669318910868,0.19971009306876425,0.18084070282363096,0.23200818229846643,0.2920385386206945,0.3960757099798386
0.19119537016511048,0.2055628351633408,0.1867007814435693,0.19942624733639544,0.18093585201312085,0.23023739559044287,0.2905838577648767,0.3586446735074273
0.18605351106116502,0.20560040947224495,0.18067864062641492,0.20520057602748204,0.17974931320664758,0.23400723067376863,0.29357325502772535,0.36134807399428676
0.17854137070852188,0.20873485274298795,0.1900146756231801,0.20719073519294717,0.1795577128748026,0.23517048688879993,0.2920488348270386,0.3837312356452108
0.17994878531309969,0.21015443333731104,0.1921106249273532,0.2068686168684892,0.18092772668068496,0.23350226719124859,0.2934776874344627,0.3851059530724777
0.17665320463675452,0.2065868702391876,0.18841133428784448,0.2112442459076703,0.17828150505671386,0.23434597104307966,0.2918482221824858,0.3905481661603631
0.17650405258060609,0.20474775811896642,0.1859032972601344,0.21147962534262163,0.17814677873222515,0.23443493633330956,0.2882990108089871,0.3851091279584115
0.19512772129563472,0.20511057743445527,0.19175380051246668,0.21332503347150647,0.18054665571829728,0.23552950635492634,0.2978963893407078,0.4121730869566162
0.19407280314626865,0.20605051900824864,0.19655961900415794,0.21610974298208893,0.18077596405159377,0.23134443185233178,0.2972739900944714,0.36725585747441825
0.1937419825662839,0.21081106581887296,0.19642960445773092,0.21723187372742656,0.1821448037586513,0.23097308099629685,0.28711711317547356,0.3925488269664716
0.19061023229496754,0.21343364039624316,0.19126783468551306,0.2133470645410969,0.18330517496769053,0.22861739243617263,0.30025419468530395,0.4069780089907116
0.18404736994704382,0.2131204628819688,0.1886345019441136,0.2143525321413896,0.18131726473746596,0.22849716353694915,0.30376605787871586,0.38423856787146293
0.1875588051127806,0.20996130374445182,0.18615575588587271,0.2201743338603369,0.18073586431607386,0.22983346836831547,0.29962838092153976,0.4031316844206497
0.1927240712316907,0.20650366188194402,0.18495835082908665,0.22013894482607868,0.18108220396195643,0.2323539757804345,0.2889040527318147,0.4162001692411922
0.1958573336922391,0.20550631150038703,0.1831915278445674,0.219572480386968,0.18047574281303994,0.23130277921779702,0.28301328254579516,0.36007469559860117
0.18888698459605213,0.20476754291283314,0.18152212053699163,0.21936864944061102,0.18022599863142702,0.23250108233792038,0.28982855575216754,0.36239870497977944
0.185417532729255,0.20384226095757516,0.18170514337208696,0.21516577935326858,0.18065088871380988,0.2341019020525042,0.2876181806503735,0.3877486760194648
0.18784923803653306,0.20136907899927853,0.18171910033845112,0.2150208108134552,0.1793933621246713,0.2335730428873014,0.2938185235499189,0.32522373431473783
0.19761216301299003,0.20163550349490955,0.18136550547736977,0.2171991046277195,0.1799787250393134,0.2342837298473053,0.29271856811074853,0.3531145620798914
0.19300453814936677,0.1961727611785033,0.17990348788649607,0.21531283659122485,0.17995900443600293,0.23314880376435634,0.29824847184868386,0.33225610598806665
0.1923524040058842,0.19563962921224698,0.17614457607005993,0.21316044942490614,0.17964971284190684,0.2342285952624176,0.30351577963321397,0.3218202772148667
0.1971531639030248,0.19362750538039722,0.18079171623995038,0.20863406261115522,0.17811161924136912,0.23276494644314163,0.29868438408437387,0.3327414067772184
0.17971561329571836,0.1940261223035563,0.1868864921561935,0.20420930850695793,0.18172337965605817,0.2322586414858417,0.2989160905626039,0.3520902368452014
0.17944168488992182,0.19613350191595127,0.18952209632089267,0.20586728497783494,0.18055136328842314,0.2310067675503009,0.2960527934076186,0.330505500781829
0.17677279073714924,0.20368038953492745,0.18756871408016437,0.20867952121606848,0.18132921226440693,0.23335468916122268,0.3004406445649035,0.3372442862880224
0.17019740800109684,0.20598919268610608,0.18277281821484198,0.21608476181237485,0.18071414970198676,0.23218259715520376,0.29547240564647037,0.345312029750925
0.17682857230520352,0.20426224347558072,0.1832459778547028,0.21892630128729976,0.1784289142852801,0.2312242180783027,0.2973744025718123,0.3349309876454204
0.178445566584846,0.20333135799577245,0.18178396422809173,0.21977184178926387,0.18006542283534785,0.23066411314231114,0.2872279637993127,0.3872031240989208
0.16342665935906395,0.20023343405036942,0.17922291342160546,0.21235376649422724,0.1823204129029522,0.22992643423811018,0.2839308354362259,0.41040140578244233
0.16218667749590907,0.20071254354704104,0.17451993175504785,0.20673267263007777,0.1847776381837639,0.23038933250655347,0.29447361982126996,0.39435330425051296
0.17565553581885035,0.19607082502155412,0.17380515522628887,0.2048923631029661,0.1795150098506868,0.22907000023064505,0.2969625932203358,0.370601458536023
0.18118479573095797,0.19746667850411267,0.17355688546022197,0.20381034106405904,0.17883002435003187,0.23266319099345473,0.2923924573310467,0.36322945290195713
0.16791210532491116,0.19627802423463928,0.17149483860337433,0.20091852326389972,0.18279145975154493,0.23218340873106882,0.2949210273434159,0.39442199662909694
0.18010323645282028,0.19785531350548285,0.171657170819404,0.19810042904098232,0.18350247208481207,0.23309096600215498,0.29784231327005417,0.38690599809776055
0.17574171026999483,0.19592355713969387,0.17498729514871222,0.20124023045419787,0.1831016306364963,0.23558974328916418,0.2948257730071805,0.3982452704051833
0.1759508861909241,0.19652470367754926,0.17836833905980873,0.2007508719096685,0.18048525934237414,0.2330656203700304,0.29683112810763757,0.397094249707527
0.1644456320554387,0.19762332864035384,0.17858388558029004,0.20034852969613912,0.17931598018139788,0.23169193403865115,0.30395635709721647,0.4101578465175291
0.16201562240090525,0.20115896291219607,0.17990181173849884,0.19734980525900628,0.18007452333855808,0.23186260800651853,0.28871789492328764,0.390663740729371
0.1674438959612878,0.20071737496517603,0.17914062513802528,0.20158834144318505,0.18260487338470038,0.23094406793441813,0.2999707882629295,0.39685773168655053
0.17550280957529515,0.20569237506168242,0.18041485428710596,0.20448595019130278,0.18033343667133034,0.23343700354885719,0.28131022968645897,0.38738533331372804
0.17434699697722836,0.20809296054725204,0.1808608479169117,0.2010581126481475,0.17967800108715892,0.23257286888406528,0.2894724701650845,0.40987054063903816
0.17282085068055675,0.2098138800489785,0.18030873481347778,0.2017779327203905,0.18043332612292873,0.23142741675966405,0.29676354901841634,0.42734080716669837
0.17327585710923524,0.20866201688851457,0.17279102332761173,0.20315732421723331,0.1800949490111342,0.23292275648581268,0.2958394824381003,0.36262856210381467
0.17468442578696103,0.20840586999232297,0.17293127386688834,0.20222462444911485,0.17906680603493577,0.23292165243876276,0.2952000805200415,0.3569483954371983
0.1728646741739644,0.20674530870193217,0.17268804321189474,0.20165047808246842,0.1794632081475003,0.23181741775128611,0.2931575541760942,0.40572471558304707
0.17493648580998902,0.2049755748286979,0.17463774840479904,0.20280012236630116,0.1805821488746498,0.22805456385183828,0.29028869522980666,0.381540720910647
0.17611097208729518,0.20631469544457526,0.1721520350580044,0.20001274679725295,0.18207638160453005,0.2297049539067886,0.2847609471802151,0.38913711697938685
0.17609372389275812,0.20337160091443068,0.16924842765265136,0.19917071048109428,0.18473363680117647,0.2328587181679903,0.2828577337711158,0.3728412149514908
0.17687663573615475,0.20069911802178295,0.16892941067636263,0.19795283725861532,0.184853431821761,0.2348678409542526,0.28671030999599556,0.39073204165689396
0.17801735571853386,0.19867521764668844,0.17201197929132772,0.19274197068797388,0.1818694464377894,0.23507323391099463,0.29956351993029884,0.37702739202788954
0.1755446170109535,0.20334666413855496,0.17373593832025663,0.1886285815667041,0.18187382589721643,0.2347421711973932,0.30373747653411914,0.4010406422987247
0.17296421501212997,0.202955535124842,0.171224502166302,0.19018075783485092,0.18192646771064508,0.23634134642006954,0.301577322661625,0.36878204433695755
0.17176788880654628,0.20433697040763454,0.17070718693756762,0.19360931800913764,0.18266176398335124,0.23400434969272546,0.3083225972834126,0.3625317229279038
0.1709236396396212,0.21061778011875623,0.1729829019711866,0.18987790342120506,0.18188052410965228,0.23194762357024457,0.3069609903224418,0.4182160418344275
0.16746324042932437,0.20874813557645588,0.17583258162093446,0.19227880714625795,0.1808758968566673,0.2311774033628603,0.2972497627963848,0.37278988014600484
0.16674031402355136,0.2063282070702766,0.1744058262878134,0.1949670186821647,0.18117884355640715,0.23299101690855634,0.2896246634276009,0.39163276169161937
0.168270345302334,0.2105361791706451,0.17501907960556348,0.19915656731931933,0.1806134448063386,0.23204140958987077,0.29705416251499217,0.37272773433670153
0.17133221095097134,0.2102087088004301,0.17496319011604142,0.2033963994410509,0.18129332991442784,0.2306256424787705,0.305157956447031,0.3917834036202171
0.1705364889751789,0.20985357538943789,0.1751876299573418,0.20392199046596848,0.18038164745143326,0.22906643066990823,0.29308004896774703,0.402427169477141
0.16999078936269138,0.2064658767683598,0.17145984301810988,0.19588061746670737,0.17517870136677982,0.23476750346842287,0.29789036009964937,0.38866260839050376
0.174815731181543,0.20831830502938892,0.16713070051246376,0.19435228284075662,0.1795411037314321,0.23284075199284227,0.2959870215106328,0.38405784543926486
0.17949196878991994,0.2097994914080185,0.1641549398970607,0.1944596637843934,0.1850964307655441,0.231356257813865,0.297378935118855,0.38443396445230194
0.17863713284635063,0.2090757128365131,0.16383815737689975,0.19175545746847517,0.18928701275173754,0.23172634324649835,0.2826610450367725,0.4000386443169221
0.17471082576365957,0.20925836736426914,0.16454613512908745,0.19314370926059804,0.1923132967626151,0.23134505751002046,0.27922683426314576,0.3754171901187139
0.17353985619733153,0.20873847282515856,0.16821243549959705,0.19577365520567444,0.18707802060383655,0.23321743192899086,0.2910337852777173,0.36712065315856407
0.17298376341236227,0.20771004787964978,0.1714177663381246,0.19810702305991704,0.1824066457560689,0.23286837957007558,0.2917756491643507,0.3795295146725113
0.17202516480486088,0.20944737421800078,0.17242876219362582,0.19080336414896415,0.18314601614355197,0.2328417203418003,0.2951975324106162,0.3740287446859193
0.17067673516333168,0.20795694054287842,0.1681307458577627,0.18691225991915314,0.1839038083456068,0.23241047725290614,0.30417532993218455,0.37765166880951956
0.17029910684601002,0.20998234477814037,0.16780827354075611,0.184413869564686,0.1826263652942105,0.23230298170466349,0.3071956729730424,0.3453032747942338
0.17103123269175705,0.20945361826021563,0.16842649729677195,0.18465838392784942,0.18215361860480653,0.23214726816962175,0.3020827267944961,0.3722903631940844
0.17007176533925933,0.20161471439455442,0.16863641499885712,0.18705949542173106,0.18145579585230323,0.2339418116821752,0.3013284136130233,0.34532030277890136
0.1684146931936174,0.19504495190005927,0.1690036768233383,0.1928002130131456,0.1795751658274071,0.235270008115576,0.29393943128257793,0.3783312446568043
0.16822835652652585,0.1975594239462361,0.17241204015892458,0.20214854442886823,0.18155450777002063,0.2324008873074582,0.2954867459540785,0.35730556231958355
0.16861192167977154,0.19780906330720466,0.17439360037513715,0.20714725612572393,0.1815842191311638,0.2299577505059857,0.2844965945231078,0.349222196872646
0.16750411541743532,0.20067348485831715,0.17108840988327714,0.2029377819187168,0.18244616384125512,0.23173640544786386,0.28845983126254665,0.3462760754487789
0.1698381163022947,0.20112966178083286,0.16679677609904703,0.19741761987556164,0.1822646703361111,0.23201024622542774,0.2850879256475288,0.3511540869869352
0.1763671335906624,0.2024481573667072,0.1635396639277584,0.19418441942805328,0.18277049642936646,0.23219185011881638,0.2871261608279768,0.33713975059292
0.18318085384550806,0.20220834661950446,0.1644142884441993,0.18859904889155363,0.1826427359570047,0.23136471193829203,0.2898692373238127,0.3724301149560999
0.18326909584904796,0.20144546416906522,0.16315808565597475,0.18701032353279357,0.18356548511869453,0.233040506675367,0.2904330929778985,0.33730401487997297
0.18039512102772465,0.19981547352266418,0.16345785875050073,0.184461749195763,0.1844476424770691,0.22933432753168564,0.2904980120532564,0.3473749602206403
0.17654455319657875,0.19861914986847168,0.16589097620820403,0.18781659231707093,0.18614839204566838,0.23236921044644274,0.29559799254478464,0.3548886671539019
0.17377844640123194,0.19748939045794606,0.1693279297967707,0.1931945127996716,0.18473916870747029,0.23202217688907487,0.29923399728575806,0.35804619128140763
0.17165035252597505,0.19944105683868055,0.1666249482171005,0.19586710931635942,0.18432649427703013,0.23308934912671017,0.3015490722314384,0.348084005439094
0.17201323529689297,0.2009547601585009,0.163774819997005,0.19774674098135964,0.18235900355349988,0.23328945574502669,0.2984611461201724,0.3644322614804603
0.17186946014824755,0.20194119322806312,0.1679740207695034,0.19425184768641426,0.18253165687603262,0.23075415807861235,0.29928679908224837,0.3403670082391906
0.17130072883036926,0.19853753621262846,0.1717239505921661,0.18677160032311707,0.18338553497250143,0.2276643896554999,0.2984566866729355,0.3496731325645438
0.17127202239252137,0.19247273105556983,0.1713831923418566,0.18836356999751194,0.18255567960052185,0.2259817096321977,0.30180506374114724,0.3345958257370032
0.17227836344067698,0.1941511911812094,0.1706164847909455,0.19544457728024414,0.18107872290740845,0.2315516766720415,0.29699776330657246,0.3108114493085449
0.1731946187387561,0.19399949166420408,0.17077965186679805,0.1983943676671743,0.18082012806673312,0.23316878833627472,0.30322648223380927,0.3489000528350176
0.17400646141388626,0.19185328775583196,0.16790538316135234,0.19890886860991858,0.18136590678458864,0.22907142876024586,0.29933618267201145,0.29402480270435133
0.17504735056784632,0.18823575036324708,0.1652281684836834,0.20057745795230034,0.18170866654283185,0.23011939973647275,0.2922107926210913,0.2879940294517838
0.17678774285998755,0.18869576576392727,0.16461430265111787,0.20455402497018402,0.18231436380409466,0.22896723290455512,0.29418884983267946,0.33365683447631755
0.18099155242667905,0.19309106770637888,0.16453477250468887,0.20341104007889385,0.18513802334620671,0.22653127292574124,0.2914541711381726,0.3179304557124733
0.18134658306300097,0.19372915068077814,0.16691339410812445,0.19872253834286696,0.18572791954251217,0.2291563854462895,0.28838172622905156,0.31964534078544976
0.18007626989317904,0.19550963184582834,0.16514655856932667,0.19483354471556583,0.18546890764998372,0.2322198145939854,0.28724881493864673,0.31395798343531867
0.17932195074211535,0.19575743513660906,0.164781609404114,0.19185877234296075,0.18431622355130958,0.2325202118585397,0.2844734966263546,0.3307428045893636
0.17794650125029857,0.1982253788755004,0.16673110695776933,0.19072875619066967,0.18461516705129788,0.2310408811571224,0.30168463547761976,0.33648457544875277
0.1777122112023243,0.19567685019709916,0.16769300666183135,0.19225607880595452,0.1864435465742491,0.23429210669697015,0.29760737901627915,0.3216241407217411
0.1765588662019352,0.19442679816392838,0.16552051272349844,0.19805858887583278,0.18549017137421114,0.2349820517837276,0.3065144161559756,0.32573767621967453
0.17509004588239824,0.19232696897866494,0.16526685582124923,0.19743288856947028,0.18309365891351526,0.23433124511043174,0.30020387419862576,0.31805800632049375
0.17322649525960998,0.18999715233616554,0.1686163143921767,0.198469484757955,0.18376067892150644,0.23427793851847045,0.30391380760765824,0.32664747766155944
0.17286137849568037,0.18946761044190372,0.1734097065424525,0.19845497091862666,0.18324918821622,0.23380887975493006,0.2921646834438778,0.328589053347537
0.17364794103729794,0.19210226465293856,0.17473667665889075,0.20305498635833003,0.18184544592879737,0.2309600277153098,0.2937258350613579,0.32119434077263304
0.1755280491517589,0.19252668612438828,0.17060184846708976,0.20790877235557426,0.18246074823848082,0.2324354273264921,0.2923987935948528,0.324140255370417
0.17684934532160568,0.19175994675057323,0.16956576325905076,0.21088115007790226,0.18236590782854234,0.23045023260153177,0.28819290390088165,0.3317814540885729
0.17818587313569323,0.19054468249812564,0.17014079063597765,0.20670778060786318,0.18248242003322904,0.2313909607343421,0.29387470056386594,0.31130534023476375
0.1788143591434918,0.18582918744149673,0.16914204424390175,0.2047468349676993,0.18203519502512328,0.23605396912507545,0.29407918834755636,0.3213262165016239
0.18335832788134998,0.18556871554752827,0.16482164912766778,0.20622658714447528,0.1851504309029112,0.23735210900418738,0.2956090095756229,0.33194483452178697
0.18832600947889885,0.18828874431237552,0.16483678297145882,0.20777790246689923,0.1852274270503419,0.23384817802535776,0.29836622645239147,0.3094777959503185
0.18859364633617187,0.19088440951269692,0.16462842715448275,0.2091286674727349,0.18526904378972617,0.23461768605637792,0.2980905750182247,0.3191998307348586
0.18429371125586697,0.19180712302738043,0.1691060307030651,0.20861541071617365,0.1875287410362113,0.23453904742406434,0.2903482085948318,0.31810030755687263
0.1811759703577378,0.19341355824383022,0.17056294416020107,0.21006342092643257,0.18946427471768532,0.23097327560187242,0.29234181940190285,0.3161497596171481
0.18005219200178582,0.1959943143872239,0.17277539835644118,0.21024893879236894,0.1853421519487849,0.22865836986214574,0.29943172339593016,0.3109807103458374
0.18063557328250973,0.1993826976250362,0.17037134827286637,0.20628542075128345,0.18341724324065373,0.230236778130825,0.3035073571814635,0.3265141153907919
0.1788088047925577,0.19962374855279716,0.166931434496004,0.20323295509921976,0.18433789544112897,0.23229000161056723,0.3107326870894864,0.3092293531884587
0.17766486568252407,0.19869404210147135,0.1668872817766698,0.2013535517276707,0.18560181468769438,0.23263521792095893,0.3055929313330568,0.31181325081989464
0.1798520713455945,0.193227181959183,0.17503166088653235,0.20503707382971836,0.18411429501562754,0.232898403703077,0.3079873328606903,0.31475981193301106
0.17940760999765482,0.18842004025181597,0.1760922267639042,0.2115437768932555,0.18236107301324725,0.23609228431789195,0.29749534973088587,0.3120705857568686
0.17812544918745796,0.1882092364095526,0.1728505312522449,0.2183990900672751,0.18039938723522872,0.23390688574647597,0.298676427034841,0.3182737481914908
0.17827620220036086,0.18764890206934953,0.17778257487060944,0.21623694948530703,0.18153324232571158,0.23064007336382966,0.293938496075843,0.31233140422541644
0.1811259515304857,0.18841034955115635,0.17832668438778895,0.22085281048593924,0.18481325310911323,0.22862365895207137,0.2903840318931547,0.3172045711451939
0.18202318397513706,0.19219159844505807,0.17470884981232304,0.22239974405030682,0.18498878404969582,0.22973526693542543,0.2915958158716829,0.30010212309666223
0.18429220558704293,0.1938420342710724,0.16905289816045055,0.2194995513951437,0.18274126387018766,0.22961129650418824,0.2969206842504998,0.31366364497843435
0.19071746968133568,0.1957955417229267,0.16443368035708703,0.2199242329220959,0.18398377589322673,0.23048796433515392,0.2948020863491104,0.29549833594350927
0.19248293605362393,0.19890094085187057,0.16753059783874755,0.22222121980376563,0.1834721489448999,0.23016872392027152,0.29829288957849576,0.28739635173533756
0.19062343834324694,0.19958534284387336,0.17243428474835643,0.22167963634805637,0.18576834116097415,0.23352001240309372,0.3020686203143116,0.31724946750927135
0.18735624348555,0.19900480057878422,0.17360272731924709,0.22236412139610862,0.18523614056861662,0.23416200668883203,0.2993814804061371,0.3174460144417706
0.18570197439301672,0.1982352988086215,0.17636186684830263,0.22042586736241246,0.18770684779803645,0.23426265112307165,0.2957641841093961,0.31445795838705554
0.1848190127056097,0.19983349645081416,0.17630928958090922,0.21899788242730683,0.18375673102763246,0.23360766202639616,0.2831462169281938,0.3119147552445014
0.1848461491686009,0.20136369749606425,0.17433850668507386,0.22149307123057382,0.18229733759585293,0.2348889309429292,0.28023350901017396,0.31223574202610277
0.18458171263144804,0.2025227106990376,0.17497282839342232,0.21929215938469265,0.1830685507389938,0.23567001768608303,0.2776631785412747,0.3205994072078103
0.18073027112785303,0.20180826883076214,0.17635254879711482,0.21905552676143378,0.18424471628628095,0.23458297676596193,0.25727549722165904,0.311676137156966
0.17720109441869955,0.19956134919211602,0.18145521757398034,0.22292903042532652,0.18419245541286666,0.23488854098546733,0.28121295690389314,0.3057834381132848
0.17964802984816042,0.19907458444148388,0.1840772724383682,0.2199081810972881,0.18310002128217903,0.2380258955488491,0.29945490062405766,0.3197048522646497
0.1835995760688229,0.20115055856934067,0.18345836962270454,0.20854960890669286,0.18230765733437387,0.23742852232598013,0.2747798573568037,0.2987742883374801
0.18246732067834537,0.1992702015850783,0.18187819518207543,0.19988235597363174,0.18319012366463686,0.23463282534747307,0.2903323333613807,0.31509884178354697
0.1820508937915243,0.20000567037626435,0.17733205019759943,0.20191311386344235,0.18307301362929154,0.23316671692342064,0.28373986965082376,0.3110622622792715
0.1870726848412404,0.2029197980884211,0.1755516224674627,0.20602092609517045,0.183277558195109,0.23057358754351548,0.26625556163917535,0.3177117081305418
0.19434453821659375,0.20362091161234744,0.17644620123416616,0.20795329818340846,0.1841960535683886,0.2302194681312733,0.2807964331554385,0.3103806976187786
0.19965716184722582,0.20375270502416734,0.17512859374274842,0.20827445983382728,0.18369842288104024,0.23178372880085046,0.292641455935109,0.3134780417517776
0.1943493141863697,0.20292588015797755,0.18053066566649587,0.2045115353324669,0.18655792770287524,0.23323469562793642,0.2973236848526735,0.31671305187660037
0.19002752957684954,0.2004780076506231,0.18094583941202338,0.20542594312713447,0.18828756583426767,0.23578197557300257,0.30602278522994486,0.31817049452316815
0.191383467225806,0.20121122103763175,0.1801106577068706,0.20824243852534713,0.18873454439899517,0.2376198654543228,0.2994725016355833,0.3118129404620461
0.18606990942445664,0.2012568685790158,0.18168105746539173,0.2051198300803953,0.18500807551618914,0.23705074464212927,0.29712712160033616,0.3192105812616946
0.18167370397244104,0.2012575089770046,0.17944323054793346,0.2005820481871466,0.18393342071902635,0.23764860201412033,0.29648326783346124,0.3202580630560461
0.18142617507019138,0.20596654964872735,0.17583101737830578,0.2033073347516935,0.18239685043480391,0.2364906051879403,0.28857032568006913,0.31596652929951374
0.18533863629312133,0.20675326813023007,0.17482654943338657,0.20497870507790847,0.18402902832365278,0.23600539352421762,0.29121245599832085,0.3268836258762348
0.18803108233793836,0.2077998338553843,0.18257629341502343,0.206197024575923,0.18376737374313407,0.236326383469139,0.29590962329297577,0.31816124090364756
0.18776500230418192,0.20553036821421602,0.19253160429958255,0.20714573927495178,0.18393218490544044,0.2372538810275462,0.28890394877638353,0.3266282307704858
0.18979335148796872,0.2082409689241365,0.19425099757038566,0.20415954195793562,0.1827765287394575,0.23744103923912863,0.2930309942266027,0.31263695248311707
0.19001358632673648,0.20730144293016645,0.18748623543971413,0.19786365162740202,0.1813816231893848,0.23512708873101085,0.2907125062743915,0.31933967293575244
0.18412127598691583,0.20610795677955313,0.1878829645850376,0.19672316140947357,0.18108140331237743,0.2361645110233879,0.28403064369998143,0.2958850987297637
0.1833778821249032,0.20209931201050993,0.19067237691141325,0.1967605862436048,0.1796935090288555,0.2356974920248257,0.2899495876481305,0.3174896416826884
0.19020034497567093,0.19902607241956993,0.18532318678422377,0.19652549159608967,0.18355671238255977,0.23037954127038382,0.29417900747257103,0.3223470086902164
0.20014935211403728,0.19783257921548786,0.17588700119768738,0.19875030442139532,0.19303814344795153,0.22981623696410294,0.2834659718798271,0.32913430595253934
0.1985950434640454,0.20016177487191597,0.17771755423551244,0.20008809668583474,0.19481366961371407,0.2303934897281237,0.29173049949067725,0.31943032038623975
0.1959612162724246,0.19968378491473512,0.18674445334318424,0.2014036442466775,0.1909741758755003,0.23264337306057323,0.27734309325532497,0.3371006145858361
0.19236506670814427,0.19648343928164475,0.18956715169400998,0.20183709667937458,0.18907899525539124,0.2332578521473914,0.27792049466207674,0.3367684274459648
0.19172336854652086,0.1931158442092686,0.18280067584851217,0.203161708450385,0.18544565368383276,0.2346832321230133,0.2873959460620252,0.3296364914735059
0.19145706692329967,0.19205068347826532,0.1863417718218245,0.2070291934010226,0.1865785217451238,0.2380025675317296,0.2948202580149123,0.34475755022200943
0.19187877144323154,0.1916714284489113,0.19175662652726386,0.2089950182755434,0.18397743075298154,0.23809956919578215,0.2891023024642197,0.3418763427432997
0.19005606055805524,0.19259385200927231,0.1896814543206456,0.20759504057279032,0.18370469429085257,0.23714519135837941,0.3044092900359949,0.3443248646545202
0.1884779412817991,0.19380582940219948,0.1869140842237822,0.2078733610815837,0.18390968679298234,0.23669007410803294,0.3017683529014244,0.3509525741957987
0.18867891768597223,0.19889052114038588,0.19255374261213412,0.2113314676964836,0.18344422270014848,0.23640061346450061,0.292506748495281,0.3532284268608939
0.18572704067046109,0.20275309945934397,0.197923162450562,0.2076033034704611,0.18319698658072062,0.2341846018983041,0.29012125630709196,0.35900334136576684
0.1853951936879868,0.20009197449395508,0.1968864181960011,0.1994669816839255,0.18407993865816877,0.23399570627714492,0.2931267581600025,0.36953282140770616
0.1814989032764647,0.19845555506820658,0.19260156036803622,0.19764670333189807,0.18549591267081558,0.23474551865418236,0.29204075227734544,0.3497234191055244
0.18496203424004715,0.19572715451592293,0.1935477853949367,0.20270013304401283,0.18692245968202262,0.23546775349273713,0.30029236143661425,0.37343783338278524
0.19451390497616683,0.19001781069496146,0.19397118439018127,0.20760188758608827,0.18452553913880737,0.23616800560505133,0.3051498686268535,0.37025600744454323
0.2029581598022809,0.18641076811675839,0.1900344425736923,0.20943533814732054,0.1849040062553151,0.23538585637352946,0.29590662944355145,0.3559860358036113
0.20773669146390875,0.18454192187045582,0.1884557025074473,0.2114150922356072,0.18451962095124208,0.231813385672123,0.2894945427792725,0.38852513509042536
0.2041648324569425,0.18311858580769313,0.1918069581150317,0.20925363850503562,0.18492359424335258,0.23270319138505102,0.2743752057498251,0.385453853605559
0.19856557000455285,0.18343905730758736,0.19153044842590394,0.2071082273335849,0.18754631953636516,0.23628820405720272,0.2797859599860084,0.38740582300499066
0.19636606581128932,0.18713624899579223,0.1926555377056532,0.20564554221824335,0.1883357087432027,0.23579464283839502,0.28846560951261185,0.3849048877922164
0.18856757339081093,0.18870788660262758,0.18974663346606044,0.20923809188607892,0.18835249555500916,0.23813476049192506,0.2784877629023858,0.4027713391542104
0.18793774910307579,0.1855419508027176,0.1926077807545332,0.21393387075544162,0.18671442167293834,0.23843086588843632,0.27936994330640746,0.38026202894797706
0.190939945808669,0.18496409619524876,0.18987221037997729,0.21584163871530343,0.18554838046559152,0.2365010457609003,0.30165943491943453,0.39246720298158816
0.19295424983800544,0.1858994792255694,0.1933303287428243,0.21826009114731784,0.18442882804845181,0.2329033776697891,0.2855753656330192,0.38215839521054495
0.18938611910121952,0.18774756812856128,0.2025896451615585,0.21749437887193893,0.18457442290120446,0.2290362635299924,0.2870582771497729,0.36518372681035205
0.18865593621511204,0.1919748066303631,0.20456313198551374,0.22031126231990508,0.184191216441074,0.2338062770503688,0.28812397697203945,0.3710910453002654
0.1938543369728513,0.19362123131569323,0.20585497101423808,0.21663931732566566,0.18134395181856167,0.22984550907432913,0.29085635456802783,0.33774666691529087
0.1981649017586036,0.1940924795527486,0.20476564517550674,0.2101597999229674,0.18372577680196697,0.22846366315851963,0.2881213025600313,0.29947511353056694
0.19531991885550243,0.1906336384061982,0.20138309847172145,0.21215771469705022,0.18562276834925465,0.22918364742137448,0.29316217524570914,0.32371764465919123
0.18261689586096091,0.18688020016214152,0.19596552362965125,0.21571161805915068,0.18707508860774164,0.22875183934308713,0.3043280577382018,0.35431734163305156
0.18636880626020114,0.18411100115041754,0.19547225768405924,0.2156724962712644,0.18369619189665914,0.2338578077883157,0.2957672166273174,0.34828626920244343
0.19844791144111937,0.18461542037248282,0.1947853739787422,0.21791853062403815,0.185949535740973,0.23561568720542514,0.2923738223894525,0.3378168468761699
0.2040317339856181,0.18272733249354703,0.19647510500242465,0.21897840280541636,0.1882633321215658,0.23467507227128717,0.2936467605771885,0.35090055101353995
0.19958335142495726,0.1814105097803642,0.190609816429869,0.21743799872614458,0.1868784944824088,0.23254338102940547,0.2935072929721402,0.3305235539606389
0.19609276768364195,0.18160861627064523,0.19656994217129953,0.21595991917103186,0.186989234046832,0.23494476376274992,0.2931613168914969,0.33126606031501654
0.1947100434217796,0.1798449882624965,0.2013177330259312,0.21525885860314417,0.18727924083609548,0.23572825280157925,0.2864685464882584,0.3408496340080221
0.1939731433167071,0.18278209820531424,0.19821398328657558,0.2120114367890926,0.18801209225755885,0.23742810032048503,0.2946799240109664,0.33011371569932013
0.19150509985516792,0.18284334731971635,0.19148866773043258,0.2101293396430982,0.18602505925662746,0.2361434144132408,0.3047201111285848,0.3348677180787311
0.18488078987897713,0.1859659454602523,0.1955700945861116,0.2114667784140227,0.183668946041289,0.23643372431474383,0.3015543933477877,0.33318040873127297
0.18863698785130373,0.18803147436144885,0.20390531597456962,0.2120700632080931,0.18489178760773636,0.24012029476482785,0.29744404873855884,0.3192807084862768
0.18986983294905038,0.19201966350691765,0.21026888745718245,0.21459930625280277,0.18392189517104163,0.23793323144592873,0.2917246819425839,0.3247128874765249
0.19089694365148913,0.1946028110187181,0.2034148713237024,0.21462693279691802,0.18384689637550897,0.23634228168516855,0.2979642484449955,0.3130093934185459
0.18855636614290885,0.19224026396079266,0.20418930330088672,0.21595349872134342,0.18393126712752006,0.23524516758297662,0.3003309402733688,0.3082828365464376
0.18892348884363513,0.1884993015046632,0.2079070507654616,0.2183012266840898,0.18510407532254586,0.23579371557090784,0.2942573049422858,0.3018747515274959
0.1911875550435827,0.1866080379490962,0.20479476780736142,0.21563761490513167,0.18535070917740026,0.23568927630826428,0.29545489077701337,0.30139649323265727
0.19075784459595319,0.1859494837107341,0.20313531806050955,0.21125601934761426,0.18608389165196534,0.23227836232386292,0.29257244965340234,0.30767620658901984
0.19715809380249139,0.1861228011770037,0.19777897454070906,0.2092155882817444,0.18322523395152435,0.23059142301054303,0.29998767940829935,0.28705057086947305
0.19682153397553798,0.18575681656256124,0.1923438661346384,0.21085741513144954,0.1856826994962294,0.23018698482521552,0.29470486824649667,0.2792298277179108
0.19702402370614805,0.1849884795187911,0.19275484052679157,0.21105126778449312,0.18619145699651352,0.23128701924923514,0.292990804868891,0.30409632031661177
0.19525611463383868,0.18305840445535462,0.1995626815328658,0.2066465614100004,0.1865804704733244,0.23589580761850004,0.28905132702007497,0.3195533132951382
0.19277145515860256,0.18442193018621622,0.19965081649366911,0.2038622841901032,0.18769481521623974,0.23745173329678843,0.2839386479042619,0.29425078340460614
0.19166886944517608,0.18483641018080935,0.193786353576566,0.20300146471007613,0.1879000153852839,0.23754978702972732,0.29138064245595824,0.30796557310957023
0.18996681779814248,0.18395525815129907,0.20299098571957488,0.20066924002278677,0.18538031679847672,0.23899426029711185,0.2950063661022867,0.3077402914584253
0.18739446679079888,0.18508854050975282,0.2063564326176024,0.19845867683848617,0.18512024856919462,0.23871304218403608,0.2936033259129459,0.28782728756273035
0.1878876542589348,0.1874713098466004,0.20421733613293264,0.19851943697724767,0.18450315356506755,0.23877607113195592,0.30245957276610547,0.30525331899718106
0.18628820259757892,0.19353205384932234,0.20699615207968775,0.1989884342358205,0.18592132197711317,0.23682684894315661,0.2968598953917254,0.3066761441938639
0.1807901722093566,0.19578449012797947,0.2083478555893659,0.20052455798076352,0.1850501346189231,0.23787138876653383,0.29723730249895597,0.29591059973983835
0.18430619656680172,0.19995777057631647,0.21015224512128453,0.20043147937554562,0.18276552718467803,0.23761711856341847,0.3020830750964244,0.30207890431056494
0.18895398685003567,0.19743314636210046,0.20607362912843533,0.20582260129194355,0.1829876712779004,0.23572449595253664,0.2942884068602057,0.30042454812840563
0.18847199556079017,0.19403368684782643,0.20301838988349158,0.21054013130804622,0.1868675171328362,0.23745956117351436,0.30022668648666523,0.301494288208225
0.18483675515807213,0.19097503184422482,0.20012116814467956,0.2092710994531968,0.18668003944611172,0.23426765499784694,0.2997464247017634,0.30005379210380434
0.18907601579521868,0.1879737516279722,0.19695530810790296,0.20268185481325193,0.18308539095291776,0.23599510624773926,0.2952938111761281,0.2972203320512384
0.19454033277928887,0.1870933358083523,0.19756426950423994,0.1996484650925451,0.18183003639645645,0.2307916282089517,0.29375951341584655,0.29035240318900146
0.19593037654992565,0.18692189507463397,0.19005569881374154,0.20140694222016572,0.18400794543936166,0.2286796362219662,0.2933047716104373,0.3126489366933275
0.19356246029994217,0.18802743408235156,0.19544652136663998,0.19823451707260006,0.1863111553325856,0.23056304334821667,0.2890188283153743,0.29450609428796753
0.1876156676049833,0.18961853907728815,0.1994504035177719,0.19422546027374196,0.18760160765609685,0.23667050575048035,0.2750042941073158,0.3106484861283176
0.18835414120974323,0.19175271598013766,0.19931732049021114,0.19269596883636617,0.18686047069923942,0.23589914253764696,0.27670246934224746,0.3052344719708818
0.18997401282055665,0.19316912539300884,0.19903200882446198,0.1930102409728982,0.18405709937355028,0.2374366279469687,0.26872069089758155,0.3080298332342789
0.18592910117695277,0.19210905593707178,0.19723744071866955,0.1933577551268382,0.18438254815016653,0.23991786569165144,0.2727605034003623,0.30339054187957926
0.18308355909541904,0.1895109348989272,0.19766881850510026,0.19206533469270312,0.18419692159344492,0.2416410325210165,0.28848756299601264,0.30633269547767433
0.18552637977828684,0.19097035648870045,0.208499284518308,0.19108855032372501,0.18331384670549838,0.23715647998018394,0.27055477411593265,0.31416426237180894
0.18464459504949274,0.19907291941309518,0.21417546255840525,0.19406569839783186,0.18425672676391566,0.23422046494948245,0.28244557629182154,0.3022929395294468
0.17905977844045662,0.20381702096403043,0.21342409238824164,0.1976359768963244,0.1855088039006534,0.23654862517175868,0.2927770041761504,0.30479635371477226
0.17836433974021815,0.20352811022029968,0.2096443198845886,0.20157934564761973,0.1828027211648233,0.23801268654384236,0.29253502010558785,0.3075780154309699
0.1820946514420453,0.20093025611856355,0.20460984189683826,0.2071602583474395,0.1838551999896061,0.23540449678649747,0.29121333394673227,0.31440517991964484
0.18353361761041218,0.19897410778095403,0.20071972915177957,0.20506093537487902,0.18438541852178728,0.23168400010640547,0.28565802611024144,0.3073697435672281
0.1815797869733301,0.19477673548540134,0.19723141351111614,0.2003432160994387,0.1842718486141578,0.23305405930517595,0.28891075755492523,0.3161217675251398
0.1875645269402953,0.19433976820747123,0.19430768688828168,0.1941865627064734,0.18497056195380066,0.23506956106882543,0.2904385692838648,0.3140947488105088
0.19341432064955255,0.19272215236644585,0.19690404736511846,0.1937230565759246,0.18526214271742944,0.23185330100152857,0.29260180452638823,0.31056870961715005
0.19076862759165514,0.1886965563240038,0.20123951766734025,0.1928955373931468,0.1845729364129915,0.22976067474848808,0.2911253227113818,0.3153139614139922
0.1907220658448796,0.1896068906489747,0.20175262300723934,0.19162313897184693,0.1857288126254766,0.23409425504713138,0.27322471148633876,0.3334935017929925
0.18480558045725987,0.19110664865718657,0.19806167918462148,0.19422530701558102,0.18705587187939962,0.235472376458663,0.26886018398807193,0.3145850865890724
0.17521076119782655,0.19360437951113704,0.1947574369967718,0.195984210056612,0.1865464666298732,0.23627928237542448,0.27990493722908655,0.314733260870979
0.17559002350564923,0.19680583419424835,0.19179205902873753,0.19429114014797316,0.1832107414880431,0.23826583860792946,0.28706373180554906,0.30925970119364155
0.18224732654039427,0.1976028448321768,0.19210036191316837,0.192857111482046,0.18433957418897715,0.2395755655702853,0.2878312019229824,0.32438353267621134
0.18347409566013467,0.20021856379830216,0.19716876024530444,0.19239083606672996,0.18501288987494385,0.23798552682935434,0.29061460249547466,0.32789136333053853
0.18135214618907378,0.20184518428668982,0.20385128269435898,0.19293191771690285,0.18465375137387025,0.23756077320007726,0.29541254351774465,0.34474891842173505
0.18195568102850004,0.20676473590704503,0.2104365060344469,0.1933254811407779,0.18421079851836095,0.23893351119630615,0.29660378131258297,0.3202173866866173
0.1788948145609563,0.20752387857431737,0.21127213472498815,0.19314104517802436,0.18343607629122458,0.2355186350910798,0.2931288504780936,0.31532795570027
0.1766997849382907,0.20493413492223309,0.20417263051677845,0.2007479057835486,0.1811618708237406,0.23519980459024695,0.2841802845258594,0.34215770691576547
0.17387495379878606,0.2018590908495932,0.19834799369825087,0.20575289724820178,0.1792612556822702,0.23656923157436366,0.2859491475717863,0.32585460778129954
0.17421076099134647,0.1974680018853855,0.19892091694073827,0.20588043408416923,0.1825362315032829,0.2347652795627972,0.2890583182934506,0.3361344857024721
0.17763206903425527,0.19579563753790472,0.19525844741931309,0.2037144022244397,0.18807465787447866,0.23436752652997866,0.2867770560513455,0.3474373071682977
0.18569865821330558,0.19601456321479643,0.18951568990027853,0.19923418866292197,0.19280733994172664,0.23419061972697106,0.278637511291394,0.3355704762596937
0.19055569934386918,0.19952746508604646,0.1907689787674771,0.19779434797650738,0.1882756434587629,0.23281009413370757,0.284697556274566,0.3350744824207814
0.18779283998908836,0.20228809076343826,0.19031455163935881,0.1965195029394891,0.1864331187157625,0.23419825993654825,0.29082394445656923,0.3469818844269853
0.18674587073795645,0.19845547871227226,0.19338183178344598,0.1936812972424444,0.18659564584201516,0.23833592631904585,0.27841399654998944,0.34948429609063647
0.18130244394257206,0.19749710673932763,0.19301539333387221,0.19085657235567394,0.18644032989296758,0.23671949110799315,0.2736713350993898,0.34809979288779513
0.17482531594073455,0.1960061249031653,0.19183846861082524,0.1909303562760046,0.18504780114949965,0.23829066901330095,0.2776695550369441,0.3404096947696789
0.1740860920027589,0.19525613267102945,0.1897469052058765,0.19457399554209295,0.18382779565287508,0.23975225376805567,0.2886666520458593,0.33878093086985234
0.17584365611493835,0.19267000700037515,0.19162879844678982,0.19577033970173965,0.1474232967092431,0.2408017512829554,0.29159059247779834,0.351952164106424
0.17531030836361775,0.1956186200774181,0.19439872415246268,0.1961124347950874,0.14665891464578315,0.23970516930454222,0.29549421413441235,0.35218198734942047
0.1769901304675714,0.20331830210229926,0.1971009991960712,0.195698524717325,0.1438703154137654,0.2389183016458177,0.28908708729295,0.35109115337924435
0.1744517392299485,0.2102808253866217,0.19557814053851613,0.20005590468448448,0.1739502269493404,0.2379741098371973,0.2931199251096884,0.36669484781367206
0.17254464016345222,0.21072887305787938,0.1918148304385527,0.20654549909940018,0.17546494726413456,0.2377645698390721,0.2839503394107065,0.37184820373492866
0.17450294294046448,0.20915336629297981,0.19411276462668745,0.2121235003758063,0.1810983631245872,0.23836171515807475,0.2857811337112894,0.35653705859281604
0.17271213509604383,0.2022642681404978,0.19244924374277458,0.2075300372508839,0.18665006956998328,0.23600893096122735,0.2845550373324293,0.3794672858634851
0.1721525008580743,0.1978139075343225,0.18731236176401292,0.20500637875232144,0.18601025527639573,0.2350043706490145,0.28644098607908336,0.38625984372161276
0.18151953370132126,0.1961366135247172,0.18452296777056443,0.20579741214100453,0.18053498366176501,0.23615508391260415,0.2820264302080592,0.3682700210522459
0.1867164476904224,0.1942040022819185,0.18444148354450557,0.20276622106386588,0.18283414065648357,0.2355732823058207,0.27780600664660865,0.3877915670582205
0.1860228862234521,0.1984849343155442,0.18432307957326532,0.197158663475031,0.18496375141404336,0.23341760697261843,0.2781346336448422,0.3935967059261098
0.18308204258288693,0.20184924048312003,0.18187469034528575,0.19829043447731726,0.18722971538726113,0.23516318260194852,0.26821741513896374,0.3850698764754075
0.17954274038925014,0.20326336308766926,0.17716909045588322,0.203130542698966,0.18550798834691187,0.23921823736747952,0.2652038510620527,0.3909319637440973
0.17540909341773725,0.2017066491295703,0.17643268998964487,0.20790438847974335,0.18495290019832938,0.23692510398339028,0.27002501948642,0.3626514220967548
0.17827338327141448,0.1968311062546146,0.18057517368982334,0.20672772542704862,0.18488290892701487,0.24077438541545507,0.2824396860035743,0.3719478996030224
0.1747926609954617,0.19243533421133852,0.18072437240616152,0.204649355209813,0.18269058794592782,0.23938998640212253,0.2834866440674044,0.39577666727470323
0.1748806603256644,0.19424201633130764,0.1821704202809991,0.20675785368241967,0.18295819816291528,0.2336388815578757,0.2889142832492502,0.3472599339727863
0.1759846547494005,0.2017089135550048,0.1884793403993008,0.20968839474174725,0.1822118883502609,0.23250702195707232,0.2876438985141232,0.32109780186231685
0.17370536878766243,0.20654594231529969,0.19180129576434962,0.20878950995546502,0.1843813823076845,0.23442749637667748,0.2824727246274756,0.3617485432291924
0.1710948095618381,0.20722757607760123,0.1869396358122192,0.2085105964850485,0.18560499938290936,0.23062390301789512,0.2813327983969488,0.3361299802689031
0.17258931072850978,0.20771440736415064,0.17900317959383583,0.21556064806674935,0.18252027328843592,0.23215494923908964,0.27780124237725834,0.32044906481014485
0.17371684940923202,0.20360051007735747,0.17513413105923575,0.21869607630568402,0.1828289171169774,0.231167205023286,0.2719548368143735,0.3541021324985361
0.17309809536960605,0.19958176227219082,0.17253575913763122,0.2195583372310967,0.18551998649018273,0.2334033835330636,0.27242321513376433,0.3651155800064727
0.17785921079883846,0.19994307164716701,0.17342938492483825,0.22210444329044254,0.18486540996303635,0.23551420493244035,0.274080961613391,0.37191424232272463
0.18395982477688286,0.19848928704532054,0.1723841215706516,0.22195006115733926,0.18315156190925408,0.2378274777340967,0.272018842892717,0.38166924453805223
0.18196210501339605,0.19724008187256734,0.1696536887794675,0.21966158074112896,0.1836817755827635,0.23395276059185605,0.271108449711051,0.36471576608956086
0.18106829523836865,0.19888348561866911,0.17100126973376856,0.21928808515100973,0.18560146207220035,0.23264584918440517,0.27026433630163543,0.36758083176730383
0.178611349821966,0.20020237449326622,0.17180580173905302,0.21859662362451104,0.18638205566859958,0.23573520069802367,0.2699503130040679,0.3726592844851965
0.17149545826693574,0.19765163751903303,0.17039038718901625,0.21806049236043878,0.1868110244754587,0.23502725764813232,0.2636018082848591,0.353296876795045
0.17508434330242398,0.1959819203185928,0.16880118814563783,0.2168868798735748,0.18685272814842283,0.23849957462025206,0.26479680987001447,0.3677804785554187
0.1770912393584325,0.1944813982970446,0.16719899771797422,0.21631477340851268,0.1843476394508976,0.2372478031794124,0.27639904907599666,0.36077089232727216
0.17694759419443307,0.19631080018033265,0.1679331191250678,0.2131571115908034,0.1830083442038998,0.23898171143208735,0.27278911838086217,0.39481001597607457
0.17553666248503366,0.19704162941956807,0.17168579278125345,0.2142606587072755,0.18346878269345335,0.23956409311265112,0.2763054764031739,0.35879316892332824
