,0,1,2,3,4,5,6,7,8,9,10
0,433.0106776108002,1093.5965088642454,1140.5528581105027,1170.7282237896043,1172.258644066484,1174.8131676243254,1241.4390321432375,1251.2044642401809,1204.270854240172,1238.5623845153905,1246.2854309289687
1,458.8074580996939,1050.1340689499511,1148.6055071865692,1156.3862408473203,1165.175006871004,1216.2785480978662,1228.4235469298767,1259.0142770036416,1198.6122209275607,1244.1030641607745,1245.8782959620746
2,444.9915721335867,1065.8112880858457,1150.11194493966,1173.3795178458008,1163.109749246165,1200.2654514519295,1235.9420545061212,1270.87516505238,1228.3674739819248,1229.2425694911612,1236.0190828249436
3,451.36014140289876,1061.1534957024164,1151.3676254830327,1147.1680147909235,1174.9987730374448,1184.673374219152,1231.7671518592922,1251.7963129617585,1216.2247743566454,1222.4066243661878,1212.7933172468572
4,430.49375174284165,1064.6380136910193,1141.0069611023207,1174.8815569557835,1183.7502573742338,1205.931826976505,1244.9961708518913,1240.859116470713,1225.8522628229773,1223.7764682051907,1244.971768103405
5,426.1246487356037,1060.2010890679135,1145.991386008213,1159.903396526928,1170.7301931770419,1212.686679963228,1226.131706688917,1258.587165419858,1223.5376224504305,1234.5485943490532,1219.8469353522464
6,427.071472435702,1069.2087820370712,1151.6217287485624,1158.8685275127254,1183.543540736879,1214.1243137244053,1236.570552374487,1261.5860346811012,1238.5203564472004,1227.5542945804848,1236.8612656059465
7,425.6115042792923,1073.31193157888,1152.7334877379333,1167.3013189842238,1180.456503044741,1220.4900352629052,1224.513420988049,1265.3203124335346,1226.9235357916505,1211.9390100033595,1224.632424595454
8,408.8047679278141,1052.9496366785079,1163.5095964465236,1164.0772374032738,1186.0983748515475,1207.8404043881208,1216.5306318124765,1260.1199783567924,1237.1216654054997,1228.6228023862895,1252.6411301047215
9,417.3672326665089,1081.0133419307654,1150.7117753994212,1175.9963637737628,1159.4449919320764,1163.7380710832315,1244.352753861897,1270.5921122418215,1237.9304694562998,1229.4277318675615,1231.2131097776153
10,455.18875418368117,1056.177749630102,1155.3977378315988,1174.7992966038396,1188.3988136031214,1190.5614350246196,1233.4575502465682,1264.3310299613795,1242.3923567645827,1238.928699533863,1243.8279876057175
11,428.64511621158084,1086.0587843624785,1151.6322414371537,1155.2766172922768,1183.9174734216554,1214.5369591508565,1234.5513965451698,1248.505462093675,1243.0150985442176,1228.7924960022483,1250.0264958708408
12,425.0424947521985,1068.9860288416407,1153.4656693982733,1158.5844043982822,1185.4313809302198,1206.1109441761573,1243.789095751417,1257.981431601958,1245.096722917327,1213.2579254442041,1233.2898358146497
13,421.35969625765347,1076.8097002044265,1162.7842004742017,1156.7663334111428,1202.1597942477547,1199.664311473689,1245.2236463590739,1235.841791917937,1231.3065275586528,1212.890814802712,1241.5219689453304
14,427.31602247530907,1096.747841348419,1151.3743078914326,1169.343339265935,1197.0133067273055,1206.1071310482707,1235.0538313109682,1239.0122744448659,1221.460456495267,1189.421060216931,1245.1169726603018
15,432.32530655236394,1075.3577477168876,1171.6953555974821,1154.2209852792064,1187.2814603493712,1202.8365275908018,1236.1983980644586,1249.7578242639324,1229.7208638941986,1236.1627516735375,1230.9607483641685
16,447.4125420113175,1104.6734954338315,1137.057021843747,1180.6434395016124,1187.326709662023,1211.00481645015,1239.984532805449,1265.2907600848844,1238.8612353842705,1211.3724601587392,1239.71142914239
17,417.82775752814905,1068.223476054124,1165.6902782954162,1146.5299808953548,1191.4677752466835,1209.1948804623287,1218.3209226268407,1264.898930831024,1236.3649018692442,1237.670833076842,1205.3898732644927
18,414.42426068290104,1087.7324872626277,1172.390897843561,1149.1327842318503,1177.5971891725642,1211.3900115180375,1244.0025314999239,1225.8478599241432,1217.2449917941753,1229.7327371138997,1237.686536571094
19,448.5641693319874,1055.8838994050232,1155.6095117911473,1167.0453146055315,1172.1341308330104,1197.3817898643417,1252.0397390133921,1250.0533903299117,1219.0219262700944,1233.3789525176908,1238.8049388860916
20,427.1472428713235,1095.6605725637817,1155.8012002932112,1180.1708503752432,1182.8971981446982,1200.8567750493835,1236.2836824877288,1227.9004601260006,1231.4527724335128,1239.1736174397731,1236.3485841499944
21,417.22113525160205,1090.0553724912425,1136.2741309848498,1143.0080876725488,1185.758658663404,1209.707202455147,1230.844379958461,1263.4767693001625,1223.2381747044237,1241.0376559138915,1254.6947995530097
22,412.8695295062118,1063.5258281946808,1137.4902548374303,1169.4260175379707,1207.408983694415,1193.7272502401152,1206.7583890597082,1237.6394312393668,1246.0150961804761,1226.1193861561105,1225.550489819898
23,479.5796143368153,1064.5447754897289,1168.6123805306406,1152.033969794362,1194.8657687094887,1194.582248691199,1203.4756323298645,1252.6154017375,1203.2016837634073,1217.58543883654,1206.6558870399244
24,458.3699694713915,1080.5701287529423,1153.3837687192993,1173.3039640192173,1193.2284011706026,1202.3013368467562,1213.8454977157594,1237.2931698760578,1230.0466418441551,1218.6602272455746,1245.0256070858577
25,433.24294625760075,1052.8337293723473,1154.5298407897744,1164.2971248823205,1185.3389814869008,1209.6477383779636,1241.0027482187338,1252.2870502431442,1238.48652310033,1190.1576948414931,1238.5901320529222
26,440.26560089508337,1072.385810229002,1140.5899256801683,1167.0557282993013,1194.8944103137403,1220.048850636928,1239.4284510702998,1262.7984602736867,1237.803371152748,1226.665474635522,1237.2300382426922
27,410.23831671348796,1078.6946159773738,1152.7113975874474,1161.3935189851084,1166.0948870556936,1189.8443378974482,1256.4190787007872,1259.3205517283534,1236.7901375093486,1240.8689632609464,1232.0400548651503
28,505.79158558245365,1066.3831828161774,1158.3136718296926,1154.8816168733758,1182.22546486293,1206.3828340064265,1210.6408171702628,1255.4977498604667,1225.4582515345703,1245.705359313585,1242.6572230910358
29,416.37375980516737,1074.6977164579334,1155.6946303613245,1182.8630402109338,1189.2860735033416,1223.9954998063406,1234.6555526277166,1251.3320297958503,1232.8705095284074,1227.6805621206613,1210.7513477177315
30,409.4699788770877,1030.3935422021634,1163.8224079018246,1171.4006050036492,1194.2271980333203,1214.42044015287,1242.0797811707969,1275.720474098347,1227.7018984664098,1233.3683786355768,1238.5436048776608
31,424.888492409547,1087.49564665703,1166.1606055414645,1202.8901715519,1190.679192688063,1223.9096100282832,1248.2231207185791,1247.3097701275703,1231.1743350122058,1226.5274008299327,1224.1376412455927
32,460.0437704202012,1078.3028423500323,1145.5518771341722,1152.0133959935588,1187.754652571596,1224.8568600927329,1228.533275932311,1243.2215330614267,1233.8555133671632,1229.0771405166945,1210.0831982460795
33,439.23825191547326,1073.8473672054768,1163.457067898731,1128.196477092568,1188.3281827303654,1198.0847746338618,1232.4764808222167,1215.046137394819,1219.416355637858,1210.4454527463342,1228.6502391992321
34,435.9860857856085,1059.300468248717,1151.1290742772833,1103.8555419160054,1186.179352961935,1185.3565441202386,1206.8760731082086,1219.3069028304533,1246.2564048469026,1219.7391492086513,1236.3916541183612
35,414.9766196562644,1056.0056080293316,1126.7355981885084,1146.070598477322,1177.2209319265448,1201.6896861872285,1221.0158038328582,1231.00259136363,1221.6811816875395,1216.5598477062165,1244.3060294388688
36,461.12253482879146,1075.658684310759,1135.3734486968835,1148.8024027827275,1181.7205520346668,1201.7004965743356,1234.2258163020122,1255.81845318406,1192.384757162376,1222.248643358202,1222.781613563599
37,466.6035077900111,1077.455272963794,1138.7121067438989,1160.10009972836,1181.6507259578245,1162.0475109118452,1240.438619884539,1246.4107816360397,1182.3681191212065,1229.0614351830686,1237.493336555898
38,425.50948996039574,1065.0767146879996,1152.6791978589079,1160.0599639201096,1192.0356861727341,1203.4734961965294,1230.724014394842,1246.9409648696171,1212.0958573013822,1249.4656736561087,1223.3863823507697
39,430.02796505367246,1077.0192793840768,1178.655943476816,1184.5882881170273,1172.5500219944813,1191.3940720962203,1247.7781818893043,1243.8154918329199,1232.3194096343175,1206.9308995514434,1210.7665198816808
40,422.67153197166016,1072.604892167837,1130.6703744992242,1166.731439656235,1169.81191444101,1202.6116203749302,1212.7563985087993,1270.2542536098883,1223.7073286874192,1225.8167207620954,1236.8997002989797
41,421.41036375895584,1073.127231237534,1163.291777607482,1153.105103614173,1164.4990126708021,1197.9742227846393,1229.918398520011,1267.9962062494503,1237.112344792862,1227.0276110977243,1230.6146315135056
42,422.8925045342285,1069.5427204430637,1168.620370396368,1128.6855020808434,1207.7308713199473,1208.3736219595505,1250.9950084846291,1262.2859192084302,1224.5668442661427,1233.8065093428418,1229.1469766902178
43,429.86100738989336,1055.96289458754,1165.7542024901484,1140.4019764521115,1197.4907774395274,1215.3551841440071,1243.3019510238846,1258.6517319588615,1244.845322505502,1247.713641906685,1245.2907172128455
44,417.8172747153241,1083.3096803912792,1156.98102491453,1147.4628279674891,1173.274810226137,1200.9905604919027,1234.4358440467822,1232.2787906766278,1237.7400034198781,1243.5184322073612,1237.4787272448416
45,405.355448226856,1050.7449688057022,1145.2416237966263,1173.1690773574992,1179.5593605458992,1217.427921995434,1236.1167923167409,1245.5005989018434,1216.0082618731592,1248.5793146818512,1241.2310719036834
46,412.5809778102989,1081.0546521790454,1154.186615294644,1148.363663468846,1200.1990114211558,1181.6479225240787,1239.628010791793,1269.4185399174112,1223.5429674916566,1222.5258144490892,1229.4987181096005
47,434.4725288468638,1065.190959632494,1132.7995295125372,1162.1655707995344,1185.772404616709,1218.4080834074778,1239.3657339404142,1258.8910013224674,1222.5011618068102,1222.827440767477,1214.447186620744
48,420.9772024592982,1100.818616503508,1158.2778568577287,1171.7364760495677,1192.6518468330098,1206.3195188484463,1236.9695483647456,1246.2676969777258,1220.0504134204919,1237.001966606437,1240.465338657766
49,433.3914071942287,1062.010837079496,1118.7020720620387,1132.9759263386707,1193.325051338437,1189.1229198380381,1226.8643873053732,1238.9681357399752,1218.45033805033,1231.872145140496,1238.8957448472922
50,426.6438531341295,1103.114424058581,1148.509789225499,1164.8972611113873,1208.15572124729,1207.3572572759322,1219.3065588516151,1262.9628589815711,1236.1920213211813,1239.1518607000173,1248.4338235769308
51,433.616641445734,1050.7048323902031,1177.6068063284652,1158.9289262531115,1187.9303307860039,1180.976590211732,1219.2354323917739,1234.6801630635132,1223.8877704440076,1245.5988600096946,1245.148356382108
52,431.31522009614383,1067.0945680624336,1159.809492757104,1148.0996422372764,1161.803004227678,1201.2358727505448,1239.1213821759825,1213.48813617902,1216.3283694796326,1238.1958599618397,1234.5197119144962
53,408.06149778389903,1073.7347953989051,1140.0348194689063,1181.5124207565825,1180.174737592202,1193.542939088335,1220.932729919055,1243.282503328874,1229.3942985627903,1248.2301513973382,1227.3724951840827
54,428.71875129145144,1058.4821596447523,1159.6047569938432,1163.2315593355984,1153.0640135487713,1205.246192959746,1246.2366724707445,1248.6662997659712,1231.8279545291173,1226.6818349454877,1228.511713189169
55,430.0160844268468,1061.8862676493518,1152.6449037053355,1154.6093679495891,1171.387608074481,1218.5720029281426,1235.8027915099515,1247.2875504186081,1232.3502714749316,1244.5358430609585,1199.7945451688154
56,478.0240411860826,1055.7132034504534,1162.1964582660605,1164.6070995111068,1186.0350839520386,1195.3586500516228,1197.7644356869268,1258.135586559301,1227.2954831863537,1223.7628631555199,1232.5199636923617
57,420.6709061062687,1085.587284839704,1160.3409951144079,1177.8709908350904,1173.2544902546247,1199.9821794249965,1245.4163808110588,1237.204982212481,1230.3390298551637,1241.5938600434035,1228.896997457608
58,422.67727479044595,1050.4641103588028,1140.690406662018,1149.612632990042,1184.1999937637843,1210.672278659344,1229.7899061275132,1247.877891457861,1229.3617232473996,1213.4597216522382,1212.871619506259
59,428.7224480721037,1080.00981219695,1134.8876786945127,1150.055561390996,1178.5271864197114,1211.409366765721,1250.4029139294232,1270.7394751529223,1211.6706032597974,1231.5451976204208,1233.6629324793316
60,446.20604873893507,1052.8276834488129,1158.5132547984613,1147.1883360361053,1189.0267199455957,1202.0655897712593,1241.100635737269,1258.5661865849609,1225.6551056174137,1227.6236783354607,1229.7487073618054
61,432.7596474232742,1079.618861804775,1171.71441756737,1144.8538164887311,1174.198995088439,1221.1612484833709,1245.2201441005095,1244.2350594873492,1221.543325437482,1226.7707759770901,1233.4687816655
62,414.1431761330364,1065.963269682119,1132.5662818256822,1142.909343275578,1191.5180795518947,1200.681072564602,1226.375221244138,1261.577363897542,1225.5320507890685,1246.7157278903137,1243.7482741131673
63,418.7038484579345,1075.7836167832518,1121.5901439418967,1173.532900601077,1181.3525590003542,1207.2186462766822,1218.9025145291134,1249.6617274084076,1202.0964742482874,1218.9527301021935,1230.2569503734715
64,436.3554534513858,1059.9383294428717,1144.5473882296906,1146.1644784651112,1182.8687317384865,1209.990925719159,1248.842198424992,1258.3771692330631,1224.2256307547973,1231.0201730953377,1257.1869440741307
65,467.25081576120533,1054.9929595507735,1143.2077291125875,1178.132175673553,1176.0676843255062,1220.3091551524715,1245.8555935237857,1256.9355499322658,1217.4629222775238,1226.0784108738274,1216.4387036252472
66,419.70673628829746,1081.5171300047305,1137.9685272167872,1169.0098238869464,1191.8964805125229,1196.6840240904426,1239.5823981123974,1255.6482781080033,1211.9323702332292,1229.7095738284047,1248.880191691964
67,424.99792918631914,1088.8722373450541,1138.4532796134213,1164.7844277902952,1173.6471218920615,1202.6684193095937,1210.4770758808477,1269.4154276011982,1232.3584253504737,1253.9162681904004,1215.678333618035
68,450.2107054977188,1075.744737890211,1159.9081414459017,1142.239015705135,1175.2285549741355,1210.518038494561,1222.2769161361762,1267.0205899165076,1227.8090705896407,1209.873128723956,1218.2577402091283
69,467.28620487818387,1060.905934475657,1153.3521306446928,1152.3229842897154,1172.8529148487878,1192.4907108618734,1235.2211525879407,1266.549342692092,1222.4419268061206,1210.3210782991039,1198.6980736340913
70,428.5308125731531,1090.6688895609539,1164.2371709122017,1170.339519654914,1171.0216522288913,1215.579009641132,1221.7429093171863,1262.2926446189135,1214.2190494322945,1241.9498891047435,1232.415112127353
71,468.84260133038356,1092.9046099912819,1150.1364582625552,1172.3901941277877,1186.4425050205068,1193.3973990335899,1238.757031179516,1272.4260643484508,1188.7286588641648,1237.276020186429,1234.792541761066
72,458.532609933481,1075.7047860114794,1139.2255438144125,1149.8846389321016,1204.4132352781687,1170.691341516936,1222.3081593447341,1244.9203898381295,1205.8255981570496,1200.7264601449838,1224.8940971877548
73,431.6829478351903,1065.0525844161991,1136.1689771097504,1106.564446700088,1169.6726796965113,1195.077472280543,1232.1377025291702,1241.9114965526933,1187.161103414729,1216.81255231172,1237.603240951023
74,451.65909562357996,1086.232877559703,1139.4372361713745,1161.7196040570495,1178.070853591589,1170.9239312735692,1233.6612790721622,1264.9158923392547,1208.9343972979523,1230.3658469864254,1246.782262460242
75,417.6652294210659,1067.7862868522548,1167.5615622375742,1157.9991676378288,1185.3868635354324,1184.932804764162,1233.1914981664822,1258.8301025087405,1188.578043343646,1241.0583530318152,1220.8140152066721
76,426.26245026898323,1075.7261719433873,1143.785077268638,1171.5853680828236,1190.6781813020941,1172.057180749437,1226.0198440248084,1260.4334369487703,1238.888354815167,1231.7454159688007,1233.2208163768182
77,426.69032496478263,1075.5708813427473,1138.1260924007559,1152.3302848493724,1170.4628904157173,1206.5041430135395,1240.928358369469,1247.117432472959,1229.7680925075217,1220.9118005884309,1198.7073328334284
78,424.5124091664911,1068.9631503732535,1170.049124069054,1154.3062824919894,1155.0156953316648,1185.9178102359872,1212.1445546206924,1262.3210146039985,1193.2169346008845,1224.5294548789384,1233.2896785020475
79,436.6108349196477,1049.4827668731843,1147.5823109524124,1157.9143233640095,1187.6493235075113,1195.094052008717,1224.849923726736,1275.2499702012212,1197.4835598599032,1231.1987571601887,1250.7120533644588
80,421.8688059498379,1060.3487253752555,1144.1476507923992,1174.51608809248,1167.7308875096803,1174.594972588497,1230.0954815365865,1253.7281934323769,1229.4249409466454,1219.4765243618697,1234.2062742102128
81,431.5702989157249,1063.3769488792452,1167.1706635860546,1137.8870998036357,1183.8420646158486,1189.2897562459339,1244.7174133520073,1273.570451831294,1215.3701005544526,1222.1136291994756,1251.3789145524163
82,417.67646080746323,1035.3140600165102,1164.994150727188,1166.3986755434173,1178.2607431711733,1206.629517439609,1228.5181296021651,1248.8736450033987,1214.2149164691377,1240.4105877821585,1223.744595069866
83,412.092345351769,1048.4930691772595,1182.9756023508023,1174.9797727043656,1192.5161376437768,1206.1454914377284,1235.2810548525367,1256.2770638714185,1216.70180367765,1222.0405481087957,1238.0402606684884
84,423.1241367578312,1070.3016040056762,1136.931744230442,1164.9890147677888,1195.131952027865,1205.7074821939032,1240.8096910367226,1252.9824400616355,1229.2949748046149,1234.8221296367626,1236.8296319241804
85,417.02910997225723,1070.0542295169068,1158.6992501464158,1185.0529641368782,1201.595984128608,1197.8454438912586,1208.4551166040137,1264.673692748299,1235.2700523880749,1210.6107717538519,1222.7072537478189
86,416.4398428317372,1066.4966936714936,1127.9163981734282,1196.749963730253,1194.2192019833392,1212.7167226429222,1228.5982587592846,1257.6824622913061,1221.0330404231315,1231.0786773049615,1237.5650248656007
87,463.58270405974713,1071.0514692199936,1142.0112546568553,1182.8524737614437,1191.1139746756915,1209.7846731504328,1242.4007953087955,1292.2969834547425,1219.6902507595878,1216.5624406962504,1229.8220451409811
88,426.84572677247127,1060.5128699968257,1135.327121845866,1192.7907114611207,1194.8301215200959,1213.2893018985455,1233.1449500449119,1264.637719785718,1223.7579345782397,1239.139176745055,1236.5980352153156
89,427.0301426712902,1066.257086024431,1153.1226720924453,1192.9179395408385,1198.6644741359585,1187.5926644863982,1237.6578265539015,1262.8758099621105,1212.2028874883392,1252.8743207153645,1210.316778594082
90,465.2697834665903,1067.8786092647917,1125.5800960375254,1148.792876262242,1174.2404687640146,1185.9990370727396,1226.7321323703652,1259.6406565938287,1242.8449957019586,1243.1225385907412,1235.5275709331327
91,419.81294407570465,1073.491764429176,1142.8073929738398,1138.4548748379177,1173.7799030415185,1179.601005527103,1236.0512017652227,1231.7229232933869,1247.7938418512892,1239.0970929342154,1233.93205222733
92,428.71425399391205,1073.9630546582534,1147.067722408365,1128.6529547377563,1178.9483591920502,1189.6217838788964,1244.6550785302384,1254.448335620453,1238.0500838612058,1219.8378131929449,1243.4555692138865
93,414.93095991845246,1083.625492143021,1150.2292135973278,1156.6742989231666,1181.4811190532548,1201.3484640773027,1237.7360643148022,1256.6172234041292,1233.0076526245307,1245.7445245932593,1243.353406153583
94,409.1084902030614,1081.5573041509776,1153.9761059775587,1160.229343721656,1188.2385382745701,1199.127362826834,1242.6566339787978,1272.7336771915157,1203.8971446419025,1225.301552434255,1211.392135671101
95,417.0501525988565,1065.9439992101695,1132.8150261482922,1144.5250144725746,1165.7807228823149,1215.7542424979256,1263.8509621312676,1262.787329860275,1252.796294295838,1246.8130563494406,1224.2068761133296
96,413.71369740417776,1090.8607921796392,1151.4156901864126,1154.1905403987375,1189.7864762864606,1183.1990520669633,1230.7553219634644,1262.2624996353366,1232.2169364122642,1251.8127171234662,1216.0132362320944
97,495.67052124226063,1069.2528608849382,1158.6924601265478,1160.5491691499212,1190.8333735722115,1197.9640604393728,1246.7634068526625,1227.9994849083425,1231.2919743568038,1231.6215597913679,1247.1302319827496
98,423.43194774858813,1090.4474185639542,1165.595377899732,1161.1011645525493,1208.269590005122,1187.6545811070878,1232.9487455947963,1233.9272395041119,1223.2234167597344,1228.0371179831352,1233.9268376459436
99,426.40983541993813,1065.454341077866,1149.9035862636815,1147.5567588074143,1201.839496028231,1215.3689755988248,1229.4154722172893,1225.3191477701087,1197.5609732666746,1240.7467697569593,1223.749709783344
